#{"t_start": 1634989009.620602, "env_id": null}
r,l,t
0.21,6,3.394993
0.28,7,7.295218
0.1,4,9.663341
0.15,5,12.54435
0.28,7,16.511152
0.1,4,18.779966
0.1,4,21.161825
0.28,7,25.177679
0.1,4,27.47779
0.15,5,30.310517
0.1,4,32.643794
0.21,6,36.275978
0.36,8,40.661083
0.21,6,44.056337
0.15,5,46.9086
0.55,10,52.408882
0.28,7,56.391973
0.28,7,60.274932
0.1,4,62.575432
0.21,6,65.908755
0.45,9,71.223906
0.1,4,73.556775
0.15,5,76.365839
0.21,6,79.723678
0.06,3,81.773474
0.15,5,84.690213
0.1,4,86.989925
0.1,4,89.273885
0.15,5,92.18969
0.1,4,94.439395
0.28,7,98.422608
0.28,7,102.338689
0.15,5,105.23792
0.21,6,108.638734
0.21,6,112.105047
0.06,3,114.171165
0.66,11,120.339768
0.1,4,122.669858
0.28,7,126.553665
0.45,9,131.553421
0.1,4,133.837758
0.21,6,137.285427
0.1,4,139.604321
0.1,4,141.905436
0.45,9,146.819562
0.21,6,150.185899
0.15,5,153.069336
0.15,5,155.952732
0.06,3,157.935916
0.36,8,162.252665
0.28,7,166.152032
0.1,4,168.435249
0.21,6,171.785553
0.15,5,174.651926
0.1,4,177.018682
0.45,9,182.067527
0.15,5,185.167166
0.45,9,190.467322
0.21,6,193.883281
0.21,6,197.28495
0.15,5,200.138861
0.15,5,202.983121
0.1,4,205.383461
0.1,4,207.765957
0.15,5,210.69923
0.1,4,212.999284
0.15,5,215.799484
0.15,5,218.632697
0.15,5,221.532547
0.1,4,223.916364
0.21,6,227.348828
0.21,6,230.849391
1.36,16,239.348428
0.36,8,243.804731
0.78,12,250.663704
0.21,6,254.196908
0.15,5,257.412123
0.1,4,259.69686
0.15,5,262.580328
0.45,9,267.579607
0.21,6,271.029725
0.1,4,273.345984
0.1,4,275.944659
0.28,7,279.745841
0.55,10,285.346045
0.15,5,288.195633
0.21,6,291.745342
0.06,3,293.79485
0.45,9,298.860965
0.28,7,302.727616
0.21,6,306.11024
0.36,8,310.577775
0.1,4,313.228161
0.15,5,316.178117
0.1,4,318.509923
0.1,4,320.909575
0.28,7,324.893834
0.21,6,328.376762
0.15,5,331.326074
0.1,4,340.509638
0.28,7,344.509615
0.15,5,347.341639
0.15,5,350.125906
0.1,4,352.726895
0.45,9,357.991603
0.55,10,363.874914
0.28,7,368.141412
0.15,5,371.091657
0.1,4,373.457451
0.21,6,376.896401
0.15,5,379.774282
0.15,5,382.657312
0.1,4,385.139603
0.15,5,388.041465
0.21,6,391.822943
0.15,5,394.672201
0.28,7,398.474373
0.15,5,401.422716
0.06,3,403.471895
0.21,6,406.807044
0.28,7,410.821902
0.28,7,414.839524
0.06,3,416.904373
0.15,5,419.721385
0.28,7,423.671321
0.21,6,427.087924
0.06,3,429.136956
0.21,6,432.720173
0.28,7,436.737986
0.1,4,439.217519
0.1,4,441.838246
0.45,9,446.820755
0.45,9,451.953422
0.15,5,455.203645
0.1,4,457.570195
0.1,4,459.969888
0.15,5,462.854586
0.1,4,465.287485
0.15,5,468.21934
0.21,6,471.70416
0.28,7,475.568771
0.15,5,478.515434
0.28,7,482.897953
0.21,6,486.667521
0.21,6,490.051727
0.21,6,493.752362
0.15,5,496.934058
0.1,4,499.268523
0.28,7,503.220337
0.55,10,508.900882
0.21,6,512.367537
0.36,8,517.000052
0.1,4,519.399846
0.1,4,522.113236
0.06,3,524.246751
0.21,6,527.764136
0.28,7,531.86365
0.06,3,534.046353
0.15,5,537.38003
0.15,5,540.545695
0.28,7,544.615214
0.15,5,547.615094
0.15,5,550.567304
0.15,5,553.533577
0.06,3,555.59837
0.28,7,559.582362
0.28,7,563.665168
0.15,5,566.78093
0.15,5,569.74947
0.21,6,573.181843
0.28,7,576.997855
0.15,5,579.946668
0.91,13,587.512693
0.21,6,591.312834
0.06,3,593.396997
0.36,8,598.3595
0.15,5,601.679067
0.21,6,605.42942
0.1,4,608.162612
0.06,3,610.261018
0.15,5,613.562618
0.06,3,615.712075
0.21,6,619.54258
0.1,4,622.345173
0.06,3,624.544808
0.06,3,626.678263
0.15,5,629.629726
0.1,4,632.295671
0.15,5,635.591113
0.28,7,640.12815
0.06,3,642.194092
0.15,5,645.510458
0.1,4,648.327397
0.06,3,650.47686
0.28,7,654.727292
0.36,8,659.859984
0.21,6,663.42713
0.06,3,665.61126
0.55,10,671.92723
0.15,5,683.242141
0.1,4,685.892987
0.15,5,688.792167
0.1,4,691.541249
0.1,4,694.391665
0.1,4,697.192398
0.1,4,699.942883
0.06,3,702.008668
0.06,3,704.07506
0.28,7,708.474541
0.06,3,710.674871
0.55,10,716.873859
0.28,7,721.307502
0.06,3,723.441474
0.21,6,727.321124
0.55,10,733.410518
0.36,8,737.874573
0.55,10,744.074326
0.1,4,746.723542
0.1,4,749.073708
0.36,8,753.673619
0.15,5,756.907044
0.1,4,759.539337
0.06,3,761.705853
0.21,6,765.671943
0.06,3,767.739911
0.45,9,773.105554
0.06,3,775.155174
0.1,4,777.904376
0.06,3,780.037871
0.1,4,782.638519
0.36,8,787.387625
0.15,5,790.671113
0.1,4,793.205162
0.1,4,795.921422
0.55,10,801.98769
0.15,5,805.404115
0.21,6,809.437692
0.1,4,812.104486
0.28,7,816.587183
0.28,7,821.119425
0.28,7,825.286585
0.1,4,827.787138
0.1,4,830.554646
0.15,5,833.619485
0.15,5,836.687961
0.1,4,839.38594
0.15,5,842.769252
0.21,6,846.452994
0.15,5,849.752195
0.06,3,851.902523
0.36,8,856.752361
0.15,5,860.035291
0.06,3,862.218539
0.06,3,864.351077
0.36,8,868.985462
0.06,3,871.117251
0.15,5,874.500842
0.28,7,878.583838
0.1,4,881.316794
0.36,8,886.401262
0.21,6,889.834231
0.06,3,892.001076
0.06,3,894.100423
0.1,4,896.833897
0.28,7,900.900578
0.15,5,904.084143
0.1,4,906.367384
0.21,6,910.266144
0.15,5,913.665534
0.15,5,916.932178
0.28,7,921.331724
0.06,3,923.431996
0.15,5,926.6658
0.28,7,931.116018
0.15,5,934.348298
0.28,7,938.331698
0.06,3,940.532068
0.15,5,943.797743
0.28,7,948.21787
0.1,4,951.177675
0.06,3,953.247773
0.1,4,955.51513
0.21,6,959.314846
0.1,4,962.031743
0.06,3,964.181224
0.21,6,968.130838
0.36,8,973.031096
0.36,8,977.730283
0.15,5,981.046677
0.15,5,984.38019
0.21,6,988.162734
0.06,3,990.178889
0.15,5,993.329146
0.1,4,995.962509
0.1,4,998.645883
0.15,5,1001.84451
0.1,4,1004.461655
0.36,8,1009.312195
0.78,12,1015.34494
0.1,4,1024.412771
0.1,4,1026.878848
0.1,4,1029.312039
0.1,4,1031.994176
0.06,3,1034.077948
0.28,7,1038.411203
0.15,5,1041.377794
0.15,5,1044.378257
0.45,9,1049.826887
0.15,5,1053.060133
0.1,4,1055.69406
0.1,4,1058.12759
0.15,5,1061.442328
0.1,4,1063.859779
0.1,4,1066.476044
0.06,3,1068.542578
0.21,6,1072.32654
0.1,4,1074.760728
0.21,6,1078.21055
0.28,7,1082.143019
0.1,4,1084.725933
0.15,5,1087.693182
0.45,9,1093.091714
0.1,4,1095.775252
0.15,5,1098.741812
0.15,5,1101.725923
0.1,4,1104.142317
0.15,5,1107.091577
0.1,4,1109.707819
0.1,4,1112.125521
0.36,8,1116.957628
0.21,6,1120.307657
0.28,7,1124.208293
0.55,10,1129.758276
0.15,5,1132.742965
0.1,4,1135.174289
0.21,6,1138.889299
0.15,5,1141.824343
0.15,5,1144.79026
0.1,4,1147.156367
0.06,3,1149.239287
0.36,8,1153.989241
0.1,4,1156.42372
0.1,4,1159.056597
0.21,6,1162.540251
0.15,5,1165.908701
0.15,5,1169.192734
0.15,5,1172.438267
0.1,4,1175.039094
0.1,4,1177.404947
0.36,8,1182.122102
0.21,6,1185.854279
0.21,6,1189.604751
0.1,4,1192.237671
0.45,9,1197.671239
0.06,3,1199.773884
0.1,4,1202.221721
0.15,5,1205.40387
0.21,6,1208.938978
0.1,4,1211.570251
0.1,4,1214.170337
0.1,4,1216.786371
0.36,8,1221.536316
0.21,6,1225.203454
0.1,4,1227.78642
0.28,7,1231.870625
0.06,3,1233.952744
0.15,5,1237.119898
0.1,4,1239.553084
0.28,7,1243.8525
0.1,4,1246.436147
0.15,5,1249.652237
0.1,4,1252.366615
0.36,8,1257.519934
0.15,5,1260.702397
0.06,3,1262.818921
0.1,4,1265.418469
0.45,9,1273.002127
0.1,4,1275.401433
0.1,4,1277.768679
0.15,5,1280.934447
0.1,4,1283.584805
0.1,4,1286.251101
0.15,5,1289.417205
0.28,7,1293.63442
0.15,5,1296.850981
0.06,3,1298.900213
0.1,4,1301.500655
0.1,4,1304.167084
0.28,7,1308.217356
0.1,4,1310.834008
0.06,3,1312.899793
0.1,4,1315.534445
0.21,6,1319.300194
0.15,5,1322.500246
0.21,6,1326.267086
0.28,7,1330.665971
0.1,4,1333.298512
0.1,4,1335.683938
0.06,3,1337.799412
0.21,6,1347.866271
0.1,4,1350.549008
0.21,6,1354.148067
0.28,7,1358.48214
0.06,3,1360.581051
0.21,6,1364.315473
0.21,6,1368.064804
0.28,7,1372.415252
0.06,3,1374.531636
0.06,3,1376.614681
0.15,5,1379.833862
0.45,9,1384.964839
0.1,4,1387.398026
0.21,6,1391.031757
0.45,9,1396.496992
0.21,6,1400.230383
0.15,5,1403.164451
0.28,7,1407.280754
0.1,4,1409.946514
0.45,9,1415.412896
0.91,13,1423.02968
0.28,7,1427.013088
1.53,17,1436.745926
0.78,12,1443.812315
0.28,7,1447.813173
0.1,4,1450.462036
0.21,6,1454.16134
0.78,12,1461.179402
0.36,8,1465.728989
0.15,5,1468.561604
0.1,4,1470.92847
0.15,5,1474.207762
0.06,3,1476.293608
0.15,5,1479.161581
0.21,6,1482.47769
0.45,9,1487.460951
0.21,6,1490.861452
0.21,6,1494.127295
0.15,5,1496.893991
0.21,6,1500.244255
0.36,8,1504.509858
0.15,5,1507.293409
0.1,4,1509.5925
0.21,6,1513.040285
0.15,5,1515.826607
0.1,4,1518.109309
0.45,9,1523.009693
0.21,6,1526.243583
0.55,10,1531.575646
0.21,6,1534.876249
0.1,4,1537.108733
0.1,4,1539.358944
0.45,9,1544.225629
0.15,5,1546.992328
0.28,7,1550.908793
0.21,6,1554.208812
0.21,6,1557.476193
0.55,10,1563.026144
0.15,5,1565.823975
0.15,5,1568.524746
0.28,7,1572.360641
0.45,9,1577.444314
0.21,6,1580.790535
0.1,4,1583.007255
0.36,8,1587.256953
0.15,5,1590.024016
0.36,8,1594.27434
0.36,8,1598.605578
0.1,4,1600.82372
0.45,9,1605.75706
0.1,4,1607.989574
0.15,5,1610.740119
0.21,6,1614.006137
0.45,9,1618.806267
0.36,8,1623.088636
0.15,5,1625.852764
0.15,5,1628.818762
0.1,4,1631.236366
0.15,5,1634.385004
0.21,6,1637.639589
0.15,5,1640.388471
0.21,6,1643.672337
0.36,8,1648.055294
0.1,4,1650.37229
0.55,10,1655.805496
1.2,15,1663.772008
0.36,8,1668.087773
0.21,6,1671.386766
0.15,5,1674.187528
0.15,5,1677.037399
0.78,12,1683.553703
0.28,7,1687.303971
0.45,9,1692.103391
1.2,15,1700.104125
0.21,6,1703.386789
0.21,6,1706.686452
0.1,4,1709.235549
0.28,7,1713.052935
0.28,7,1716.869084
0.21,6,1720.152554
0.15,5,1729.285733
0.28,7,1733.069394
0.1,4,1735.384633
0.36,8,1739.651699
0.28,7,1743.401294
0.21,6,1746.701525
0.15,5,1749.485435
0.1,4,1751.801594
0.36,8,1756.051786
0.1,4,1758.3174
0.28,7,1762.085047
0.21,6,1765.401262
0.28,7,1769.15082
0.1,4,1771.366903
0.21,6,1774.600813
0.36,8,1778.967239
0.21,6,1782.233088
0.1,4,1784.432055
0.15,5,1787.133667
0.21,6,1790.383987
0.21,6,1793.632672
0.28,7,1797.382681
0.28,7,1801.250512
0.1,4,1803.516162
0.78,12,1809.93262
0.36,8,1814.216665
0.1,4,1816.499396
0.15,5,1819.248485
0.15,5,1822.032379
0.78,12,1828.532433
0.28,7,1832.365641
0.21,6,1835.61486
0.15,5,1838.331171
0.78,12,1845.013745
0.15,5,1847.766171
0.1,4,1850.031394
0.45,9,1854.881247
0.91,13,1861.964512
0.1,4,1864.230209
0.78,12,1870.664262
0.36,8,1874.947058
0.66,11,1880.860857
0.21,6,1884.247016
0.21,6,1887.496549
0.36,8,1891.845815
0.21,6,1895.079781
0.1,4,1897.329678
0.91,13,1904.129057
0.21,6,1907.412014
0.45,9,1912.211462
0.36,8,1916.512407
0.1,4,1918.779481
0.28,7,1922.561857
0.15,5,1925.333313
0.21,6,1928.628217
0.55,10,1933.961509
0.15,5,1936.776883
0.1,4,1938.993952
0.36,8,1943.311877
0.21,6,1946.611636
0.78,12,1953.282647
0.78,12,1959.786655
0.21,6,1963.055431
0.55,10,1968.524228
0.15,5,1971.359313
0.36,8,1975.677886
0.15,5,1978.430174
0.21,6,1981.681437
0.15,5,1984.500352
0.21,6,1987.81831
0.21,6,1991.103683
0.45,9,1996.088976
0.06,3,1998.122876
0.21,6,2001.474852
0.21,6,2004.810857
0.15,5,2007.578722
0.15,5,2010.345907
0.1,4,2012.664736
0.15,5,2015.416074
0.78,12,2022.037036
0.15,5,2024.819719
0.15,5,2027.571332
0.36,8,2032.022543
0.15,5,2034.774862
0.1,4,2037.008782
0.1,4,2039.275324
0.15,5,2042.060691
0.15,5,2044.82872
0.1,4,2047.079755
0.15,5,2049.847339
0.28,7,2053.745198
1.2,15,2061.734161
0.15,5,2064.452676
0.1,4,2067.070259
0.1,4,2069.421839
0.15,5,2072.156173
0.15,5,2074.991385
0.36,8,2079.343253
0.45,9,2084.210933
0.15,5,2086.979285
0.28,7,2097.148613
0.66,11,2102.983975
0.28,7,2106.835764
0.21,6,2110.321562
0.15,5,2113.121044
0.15,5,2115.988762
0.21,6,2119.273304
0.28,7,2123.040168
0.45,9,2127.90958
0.21,6,2131.323703
0.36,8,2135.761592
0.55,10,2141.16403
0.1,4,2143.432166
0.21,6,2146.681855
0.45,9,2151.483358
0.21,6,2155.083294
0.1,4,2157.367792
0.28,7,2161.10183
0.66,11,2166.988704
0.28,7,2170.77206
0.1,4,2173.039282
0.55,10,2178.340463
0.55,10,2183.675857
0.28,7,2187.543257
0.28,7,2191.327308
0.36,8,2195.595023
0.55,10,2201.11506
0.21,6,2204.330642
0.15,5,2207.43191
0.45,9,2212.516545
0.55,10,2217.88466
0.36,8,2222.168804
0.36,8,2226.436383
0.1,4,2228.703562
0.1,4,2230.986547
0.28,7,2234.704219
0.91,13,2241.606478
0.55,10,2247.09056
0.1,4,2249.340873
0.1,4,2251.591511
0.1,4,2253.842485
0.28,7,2257.743206
0.28,7,2261.644979
0.28,7,2265.326978
0.78,12,2272.21344
0.1,4,2274.597094
0.15,5,2277.346828
0.36,8,2281.763624
0.45,9,2286.682266
0.21,6,2289.999654
0.45,9,2294.867517
0.36,8,2299.201746
0.36,8,2303.501991
0.15,5,2306.302522
0.15,5,2309.070395
0.15,5,2311.837571
0.36,8,2316.10456
0.21,6,2319.387921
0.15,5,2322.139259
0.1,4,2324.338867
0.36,8,2328.756747
0.15,5,2331.507241
0.15,5,2334.370805
0.91,13,2341.409337
0.1,4,2343.824714
0.28,7,2348.10916
0.28,7,2352.040521
0.45,9,2357.010935
0.15,5,2359.748143
0.21,6,2363.131423
0.21,6,2366.515464
0.21,6,2369.880131
0.21,6,2373.163813
0.1,4,2375.447091
0.15,5,2378.197759
0.28,7,2382.114833
0.1,4,2384.415745
0.28,7,2388.182643
0.1,4,2390.516578
0.1,4,2392.883415
0.66,11,2398.767693
0.36,8,2403.117825
0.15,5,2405.935107
0.28,7,2409.76891
0.1,4,2412.086811
0.1,4,2414.336504
0.15,5,2417.10348
0.28,7,2420.887662
0.21,6,2424.153936
0.28,7,2427.90496
0.21,6,2431.155877
0.21,6,2434.55655
0.1,4,2439.355587
0.28,7,2443.257654
0.21,6,2446.474607
0.91,13,2453.690672
0.45,9,2458.507762
0.21,6,2461.792695
0.21,6,2465.108657
0.66,11,2470.977698
0.21,6,2481.97778
0.21,6,2485.228958
0.21,6,2488.512735
0.28,7,2492.279536
0.21,6,2495.612862
0.21,6,2498.912891
0.55,10,2504.297545
0.55,10,2509.597247
0.55,10,2514.847556
0.1,4,2517.115522
0.36,8,2521.432445
0.28,7,2525.366671
0.91,13,2532.432488
0.78,12,2538.751096
0.28,7,2542.634696
0.55,10,2548.51877
0.21,6,2551.902144
0.78,12,2558.486494
0.1,4,2560.736322
0.15,5,2563.469558
1.36,16,2571.953923
0.21,6,2575.287214
0.66,11,2581.072142
0.45,9,2585.990161
0.21,6,2589.355343
0.66,11,2595.424252
0.28,7,2599.239305
0.1,4,2601.490816
0.36,8,2605.840364
0.91,13,2612.775182
0.78,12,2619.375217
0.15,5,2622.221356
0.55,10,2627.842788
0.36,8,2632.242897
0.66,11,2638.259605
0.78,12,2644.809046
0.36,8,2649.044011
0.91,13,2656.127807
0.1,4,2658.345394
0.21,6,2661.57936
0.91,13,2668.594729
0.55,10,2674.163172
0.15,5,2677.396468
0.06,3,2679.495256
0.45,9,2684.463317
0.36,8,2688.663402
0.91,13,2695.297808
1.2,15,2703.114748
1.2,15,2711.065608
0.1,4,2713.299181
0.78,12,2719.682536
0.1,4,2721.933427
0.28,7,2725.800232
1.2,15,2733.917466
0.45,9,2738.783569
0.45,9,2743.617445
0.45,9,2748.470169
0.66,11,2754.501238
0.1,4,2756.80143
0.45,9,2761.6192
0.91,13,2768.802633
0.1,4,2771.053293
0.66,11,2776.903552
1.36,16,2785.421017
0.55,10,2790.821863
0.36,8,2795.070748
0.28,7,2798.821608
0.1,4,2801.038962
1.2,15,2808.922684
0.15,5,2811.62304
0.91,13,2818.490444
0.36,8,2822.907179
1.53,17,2832.69087
0.28,7,2836.49071
0.21,6,2839.807502
0.28,7,2843.643318
0.36,8,2848.0089
0.1,4,2850.307944
0.45,9,2855.124556
0.45,9,2860.008642
0.36,8,2864.292827
0.36,8,2868.608719
0.1,4,2870.976624
0.21,6,2874.243191
0.1,4,2876.509636
0.55,10,2881.892983
0.55,10,2887.193923
0.21,6,2890.444158
0.1,4,2892.744866
0.15,5,2895.510537
0.36,8,2899.894914
1.05,14,2907.627624
0.21,6,2910.896039
0.28,7,2914.645801
1.05,14,2922.262223
0.1,4,2924.512293
0.91,13,2931.665032
0.45,9,2936.513589
0.45,9,2941.413369
0.78,12,2947.812877
0.1,4,2959.16561
0.66,11,2965.082839
0.1,4,2967.382218
0.55,10,2972.816063
1.05,14,2980.348224
0.21,6,2983.56603
0.15,5,2986.316572
0.78,12,2993.116178
0.15,5,2996.283969
0.15,5,2999.500129
0.45,9,3004.468593
0.21,6,3007.719629
0.36,8,3012.154156
0.55,10,3017.460263
0.28,7,3021.312906
0.36,8,3025.564738
0.55,10,3031.199774
0.1,4,3033.43623
0.21,6,3036.788552
0.78,12,3043.174944
0.91,13,3050.09654
0.28,7,3053.931118
0.15,5,3056.849681
0.1,4,3059.133723
0.66,11,3065.037227
1.2,15,3072.907063
0.36,8,3077.209241
0.55,10,3082.595548
0.15,5,3085.463061
0.1,4,3087.781848
0.21,6,3091.083276
0.55,10,3096.436864
0.15,5,3099.219955
0.36,8,3103.489081
0.21,6,3106.724663
0.36,8,3111.07556
0.28,7,3114.827413
1.05,14,3122.415023
0.66,11,3128.351164
0.45,9,3133.253144
0.36,8,3137.603547
0.36,8,3141.921806
0.15,5,3144.723749
0.78,12,3151.025972
0.78,12,3157.52889
0.1,4,3159.847262
0.66,11,3165.964783
0.45,9,3170.934289
0.66,11,3176.785941
0.78,12,3183.121675
0.21,6,3186.40587
0.91,13,3193.25894
0.28,7,3197.210492
0.78,12,3203.495984
0.21,6,3206.780061
0.36,8,3210.99883
0.1,4,3213.265697
0.78,12,3219.63466
0.45,9,3224.553046
0.28,7,3228.387805
1.2,15,3236.439793
0.15,5,3239.573622
0.78,12,3245.859786
0.21,6,3249.161294
0.15,5,3251.92834
0.66,11,3257.813013
0.91,13,3264.916228
0.21,6,3268.216717
1.36,16,3276.919068
0.21,6,3280.203448
0.36,8,3284.437754
0.28,7,3288.655572
0.28,7,3292.457703
0.91,13,3299.591383
0.28,7,3303.360757
1.2,15,3311.312933
0.91,13,3318.579941
0.45,9,3323.399099
0.45,9,3328.182859
1.36,16,3336.701439
1.05,14,3344.753946
0.36,8,3349.172467
0.21,6,3352.438987
0.36,8,3356.672467
0.45,9,3361.522174
0.15,5,3364.688507
0.36,8,3369.211248
0.45,9,3374.027202
0.36,8,3378.311691
0.15,5,3381.062761
0.36,8,3385.43059
0.91,13,3392.548481
0.21,6,3395.782847
0.1,4,3398.000411
0.15,5,3401.100019
0.15,5,3404.200465
1.05,14,3411.906055
0.36,8,3416.203893
0.36,8,3420.655009
2.31,21,3431.973238
0.91,13,3446.658594
1.36,16,3455.128184
0.36,8,3459.412374
0.66,11,3465.462594
0.1,4,3467.815257
1.36,16,3476.632683
0.78,12,3483.217916
0.78,12,3489.565311
0.15,5,3492.484895
0.28,7,3496.252894
0.66,11,3502.137778
0.21,6,3505.421532
0.15,5,3508.188019
0.91,13,3515.022598
0.91,13,3522.257087
0.36,8,3526.559103
0.21,6,3529.859418
0.15,5,3532.643105
0.55,10,3537.944652
0.21,6,3541.211895
0.78,12,3547.929401
0.15,5,3550.661799
0.55,10,3556.013675
0.1,4,3558.296897
0.28,7,3562.081829
0.45,9,3566.86619
0.21,6,3570.20074
0.78,12,3576.617056
0.15,5,3581.634637
0.91,13,3588.502782
0.36,8,3592.786909
0.78,12,3599.321977
1.36,16,3607.906039
0.45,9,3612.773797
0.91,13,3619.740887
0.45,9,3624.791757
1.53,17,3634.208969
0.55,10,3639.460731
1.9,19,3649.445419
0.36,8,3653.763018
1.36,16,3662.329768
0.28,7,3666.047934
0.91,13,3672.882618
0.36,8,3677.200404
0.91,13,3684.067145
0.66,11,3689.951549
0.78,12,3696.552245
0.45,9,3701.453467
0.21,6,3704.7037
0.15,5,3707.419925
0.66,11,3713.820503
0.78,12,3720.322955
1.05,14,3728.00727
1.05,14,3735.674371
0.21,6,3738.958462
0.21,6,3742.258815
1.2,15,3750.226407
1.05,14,3757.811747
0.55,10,3763.278578
0.78,12,3769.979318
0.21,6,3773.246247
1.71,18,3782.934115
1.05,14,3790.648754
0.36,8,3794.88285
0.36,8,3799.083037
0.66,11,3805.316745
0.21,6,3809.050636
0.45,9,3813.968384
0.21,6,3817.218569
0.45,9,3822.036172
0.91,13,3828.786883
1.2,15,3836.904119
0.36,8,3841.123168
0.55,10,3846.406419
1.53,17,3855.607406
0.21,6,3858.875045
0.21,6,3862.192217
1.36,16,3870.576872
0.78,12,3877.194183
0.91,13,3884.127494
1.05,14,3891.74777
0.28,7,3895.545887
0.28,7,3899.329817
0.55,10,3905.130545
0.45,9,3909.964785
1.05,14,3917.398985
0.55,10,3922.88259
0.66,11,3928.783956
1.05,14,3936.517101
0.36,8,3940.785601
0.21,6,3944.119076
0.91,13,3950.952787
0.55,10,3956.319598
0.28,7,3960.124108
0.21,6,3963.421679
0.36,8,3967.756001
0.66,11,3973.872147
0.21,6,3977.173501
1.2,15,3985.357162
1.71,18,3994.94104
1.05,14,4009.676578
0.36,8,4013.977495
0.78,12,4020.6944
0.21,6,4023.962458
0.21,6,4027.211393
0.36,8,4031.537154
0.55,10,4036.845316
0.28,7,4040.622551
0.91,13,4047.445878
0.78,12,4053.505867
0.78,12,4059.447117
0.91,13,4065.988516
1.2,15,4073.263429
0.91,13,4079.855796
0.55,10,4084.967436
0.55,10,4090.260926
2.53,22,4101.996769
0.55,10,4107.3931
0.55,10,4112.520258
1.2,15,4119.967384
1.05,14,4127.312452
0.15,5,4130.109456
0.66,11,4136.370387
0.28,7,4140.300124
0.66,11,4146.179742
0.36,8,4150.528308
0.15,5,4153.275407
0.91,13,4160.471389
1.36,16,4168.882938
0.78,12,4175.228145
0.91,13,4181.892579
0.55,10,4187.288911
1.05,14,4194.984534
0.55,10,4200.348859
0.78,12,4206.779979
0.28,7,4210.577514
0.66,11,4216.492641
0.21,6,4219.78984
0.55,10,4225.055202
0.45,9,4229.885684
0.15,5,4232.618311
0.78,12,4239.231861
1.36,16,4245.962915
1.36,16,4254.309644
0.78,12,4260.475279
0.78,12,4266.923445
1.05,14,4274.653106
1.9,19,4284.549767
0.91,13,4291.448395
1.71,18,4301.112142
0.91,13,4308.093814
0.45,9,4312.892496
1.2,15,4320.740461
0.1,4,4322.906207
0.45,9,4327.705707
1.36,16,4336.40406
0.36,8,4340.702908
1.9,19,4350.850685
0.91,13,4357.76663
1.36,16,4366.231838
0.55,10,4371.680359
1.05,14,4379.213081
0.36,8,4384.079622
0.45,9,4389.260848
0.1,4,4391.526865
0.91,13,4398.558113
1.36,16,4407.040178
1.2,15,4414.973681
0.78,12,4421.58883
1.71,18,4431.104783
1.36,16,4439.353041
0.91,13,4446.433026
0.78,12,4452.818186
0.45,9,4457.649842
0.36,8,4461.949138
0.28,7,4465.682457
1.53,17,4474.796835
1.05,14,4482.163563
0.66,11,4488.362346
0.1,4,4490.646142
0.15,5,4493.461584
1.2,15,4501.344314
1.36,16,4509.909819
0.78,12,4516.392628
0.45,9,4521.257749
0.78,12,4527.657397
1.05,14,4535.272249
0.55,10,4540.640701
0.1,4,4542.907104
0.55,10,4548.274112
1.05,14,4555.974096
0.66,11,4561.808651
0.66,11,4567.692221
0.55,10,4573.112298
0.15,5,4575.943078
1.05,14,4583.709258
0.28,7,4587.609785
1.2,15,4596.359648
0.28,7,4600.245627
1.05,14,4607.811772
0.15,5,4618.944879
1.2,15,4627.89566
0.78,12,4635.229094
0.91,13,4642.396224
1.05,14,4649.948192
0.78,12,4656.380325
0.45,9,4661.163044
0.21,6,4664.480208
0.45,9,4669.346975
0.91,13,4676.264496
0.91,13,4683.246804
0.78,12,4689.764151
0.21,6,4692.980043
0.66,11,4698.731507
2.1,20,4711.714121
0.66,11,4718.230019
2.76,23,4731.230505
1.05,14,4738.965116
1.05,14,4746.730968
3.25,25,4760.030838
1.53,17,4769.231211
1.36,16,4777.597634
0.78,12,4783.964367
1.36,16,4792.431154
0.78,12,4799.112886
1.53,17,4808.297368
2.31,21,4819.46608
0.78,12,4825.89769
0.91,13,4832.88135
0.91,13,4839.964271
0.91,13,4847.129917
0.91,13,4853.996365
1.05,14,4861.696329
1.53,17,4870.862664
0.45,9,4875.662883
0.36,8,4879.912673
0.91,13,4887.145927
2.1,20,4897.861978
0.55,10,4903.249761
1.36,16,4912.228451
0.91,13,4919.361561
1.05,14,4927.063784
1.05,14,4934.89343
1.53,17,4944.01179
2.31,21,4955.322652
1.71,18,4965.672905
0.91,13,4973.159657
1.05,14,4980.809096
1.2,15,4988.961602
1.05,14,4996.658523
1.2,15,5004.774558
0.91,13,5011.991124
0.78,12,5018.308127
0.91,13,5025.540978
1.36,16,5034.257537
1.53,17,5043.141283
1.05,14,5050.789891
1.53,17,5059.938438
1.05,14,5067.221579
1.05,14,5074.789515
0.45,9,5079.588752
1.53,17,5088.671961
1.05,14,5096.355095
2.31,21,5107.604369
0.45,9,5112.554554
1.2,15,5120.620551
4.06,28,5135.303172
1.36,16,5144.052287
2.53,22,5155.884868
1.2,15,5163.953562
1.05,14,5171.584213
1.2,15,5179.734386
1.2,15,5187.700615
3.0,24,5200.448445
1.36,16,5209.098342
1.36,16,5217.699084
1.36,16,5226.33012
1.53,17,5235.431374
1.2,15,5243.547309
0.91,13,5250.729839
1.71,18,5260.329378
1.71,18,5269.729439
2.31,21,5280.460649
1.53,17,5289.424123
1.05,14,5296.643652
1.71,18,5305.677851
1.2,15,5313.643477
2.1,20,5324.260357
1.53,17,5333.358675
1.05,14,5340.941737
1.2,15,5349.124925
1.05,14,5356.823795
0.91,13,5363.657296
1.71,18,5373.323381
1.2,15,5381.406828
1.53,17,5390.588234
0.91,13,5397.688
1.71,18,5407.45342
1.2,15,5415.45499
2.1,20,5426.3197
1.36,16,5442.002517
0.91,13,5449.801716
0.78,12,5456.968607
1.2,15,5465.767521
0.78,12,5473.000489
0.21,6,5476.416742
1.2,15,5484.567575
0.78,12,5491.216492
1.2,15,5499.398427
0.91,13,5506.464865
5.28,32,5523.130857
1.2,15,5531.18023
0.45,9,5535.947365
1.2,15,5543.796948
2.1,20,5554.328861
1.36,16,5562.845107
1.36,16,5571.696993
1.05,14,5579.365004
1.05,14,5587.035155
0.91,13,5594.088561
3.25,25,5607.340844
0.91,13,5614.443423
1.71,18,5624.261706
1.36,16,5632.864671
2.1,20,5643.649286
2.1,20,5654.38554
0.66,11,5660.303601
1.53,17,5669.555763
0.91,13,5676.623861
1.2,15,5684.525314
0.78,12,5691.60971
2.53,22,5703.344719
0.55,10,5708.71193
1.9,19,5718.748542
1.05,14,5726.431651
1.2,15,5734.300559
1.2,15,5742.467624
0.78,12,5748.885852
1.2,15,5756.869922
0.66,11,5762.654208
1.2,15,5770.788388
0.36,8,5775.655399
1.2,15,5783.92368
2.1,20,5794.540962
1.05,14,5802.125301
1.36,16,5810.760337
0.55,10,5816.110999
4.06,28,5833.094421
4.35,29,5848.29599
2.76,23,5860.148906
5.95,34,5877.648368
2.1,20,5888.182979
0.91,13,5895.434541
1.36,16,5904.60097
3.51,26,5918.233981
2.1,20,5928.854719
2.76,23,5941.086305
4.96,31,5957.303586
18.91,61,5988.439281
8.61,41,6009.607355
3.78,27,6023.906379
5.95,34,6041.640403
67.86,116,6100.842032
3.0,24,6114.625605
0.91,13,6121.476022
3.25,25,6134.576769
4.35,29,6149.809783
8.2,40,6170.494476
2.31,21,6181.712754
3.51,26,6195.360658
1.05,14,6202.97558
1.53,17,6212.226565
3.51,26,6225.992921
17.7,59,6256.160856
1.71,18,6265.577689
1.9,19,6275.710578
0.78,12,6282.044096
1.53,17,6291.093739
3.25,25,6304.243428
1.9,19,6314.476351
2.53,22,6326.15933
1.71,18,6335.527565
4.96,31,6351.69526
1.05,14,6359.260393
1.71,18,6368.576359
42.78,92,6415.191733
0.55,10,6420.409149
6.66,36,6438.975613
3.78,27,6453.075859
1.53,17,6462.258575
1.9,19,6472.274964
0.66,11,6477.992045
2.31,21,6488.841948
1.53,17,6497.893594
5.95,34,6515.507604
1.53,17,6524.592829
2.1,20,6535.407897
8.2,40,6557.690176
3.25,25,6571.590841
0.55,10,6577.522715
4.96,31,6600.291147
1.9,19,6610.409918
3.78,27,6624.576588
2.1,20,6635.060227
17.11,58,6664.811857
1.2,15,6672.926506
0.36,8,6677.193412
1.9,19,6687.178982
1.9,19,6697.295355
4.96,31,6713.578935
2.1,20,6724.262867
1.53,17,6733.380824
2.53,22,6745.113789
0.91,13,6752.313268
4.06,28,6766.864258
1.53,17,6775.97848
1.71,18,6786.54522
2.53,22,6799.564554
0.91,13,6806.633501
1.71,18,6816.26498
2.1,20,6826.983548
5.95,34,6844.749635
1.2,15,6852.817782
3.0,24,6865.334097
4.96,31,6881.467687
1.53,17,6890.734873
1.71,18,6900.385823
9.9,44,6925.484167
850.78,412,7134.855748
265.65,230,7250.839116
1.05,14,7258.621091
161.1,179,7348.937953
3.51,26,7362.455578
2.1,20,7372.971683
47.53,97,7421.971732
2660.85,729,7791.936772
35.7,84,7834.153646
2.1,20,7844.669819
15.4,55,7872.968601
2.1,20,7883.603316
32.4,80,7924.069629
21471232.15,65530,41152.35093
3.25,25,41165.701479
2.53,22,41177.620422
10.81,46,41204.183346
0.78,12,41210.86787
